<?xml version="1.0" encoding="UTF-8"?>
<project-private xmlns="http://www.netbeans.org/ns/project-private/1">
    <editor-bookmarks xmlns="http://www.netbeans.org/ns/editor-bookmarks/2" lastBookmarkId="0"/>
    <open-files xmlns="http://www.netbeans.org/ns/projectui-open-files/2">
        <group>
            <file>file:/C:/Users/user/Documents/GitHub/AfterTerm-INT303-WebProgram/Practice/BowlingShop/src/java/shop/servlet/LoginServlet.java</file>
            <file>file:/C:/Users/user/Documents/GitHub/AfterTerm-INT303-WebProgram/Practice/BowlingShop/src/java/shop/JPA/model/Register.java</file>
            <file>file:/C:/Users/user/Documents/GitHub/AfterTerm-INT303-WebProgram/Practice/BowlingShop/src/java/shop/servlet/StoreServlet.java</file>
            <file>file:/C:/Users/user/Documents/GitHub/AfterTerm-INT303-WebProgram/Practice/BowlingShop/web/StoreView.jsp</file>
            <file>file:/C:/Users/user/Documents/GitHub/AfterTerm-INT303-WebProgram/Practice/BowlingShop/web/index.html</file>
            <file>file:/C:/Users/user/Documents/GitHub/AfterTerm-INT303-WebProgram/Practice/BowlingShop/web/WEB-INF/web.xml</file>
            <file>file:/C:/Users/user/Documents/GitHub/AfterTerm-INT303-WebProgram/Practice/BowlingShop/web/Header.jsp</file>
            <file>file:/C:/Users/user/Documents/GitHub/AfterTerm-INT303-WebProgram/Practice/BowlingShop/web/LoginView.jsp</file>
        </group>
    </open-files>
</project-private>
